<!--  
这个为菜单列表，注意编辑的格式!例如：
<phone id="手机概览,overview">手机外观</phone>
1、手机概览：一级标题名称
2、overview：这个为assets下的各个模块文件夹的名称，记住这个值一定要与文件夹的名称对应，不然链接会出错
3、手机外观：二级标题名称
4、手机概览与overview之间的逗号为英文状态下的，请注意
5、各个模块文件夹的html文件一定要按照顺序来命名，即XXX_1到XXX_n来命名，中间不能有断续
--><phones>
<phone id="Обзор и краткое рук-во пользов.,overview">Внешний вид телефона</phone>
<phone id="Обзор и краткое рук-во пользов.,overview">Установка и подготовка</phone>
<phone id="Обзор и краткое рук-во пользов.,overview">Строка состояния и уведомления</phone>
<phone id="Обзор и краткое рук-во пользов.,overview">Знакомство с начальным экраном</phone>

<phone id="Приложения на начальном экране,desktop">iManager</phone>
<phone id="Приложения на начальном экране,desktop">Камера</phone>
<phone id="Приложения на начальном экране,desktop">Альбомы</phone>
<phone id="Приложения на начальном экране,desktop">Калькулятор</phone>
<phone id="Приложения на начальном экране,desktop">Диктофон</phone>
<phone id="Приложения на начальном экране,desktop">Часы</phone>
<phone id="Приложения на начальном экране,desktop">Компас</phone>
<phone id="Приложения на начальном экране,desktop">vivo.com</phone>
<phone id="Приложения на начальном экране,desktop">Темы</phone>
<phone id="Приложения на начальном экране,desktop">Музыка</phone>
<phone id="Приложения на начальном экране,desktop">Погода</phone>
<phone id="Приложения на начальном экране,desktop">EasyShare</phone>
<phone id="Приложения на начальном экране,desktop">Заметки</phone>
<phone id="Приложения на начальном экране,desktop">Браузер</phone>
<phone id="Приложения на начальном экране,desktop">vivoCloud</phone>
<phone id="Приложения на начальном экране,desktop">V-Appstore</phone>
<phone id="Приложения на начальном экране,desktop">Gamecenter</phone>
<phone id="Приложения на начальном экране,desktop">Видео</phone>
<phone id="Приложения на начальном экране,desktop">Приложения Google</phone>

<phone id="Телефон и Контакты,contact">Поступающий вызов</phone>
<phone id="Телефон и Контакты,contact">Настройки вызовов</phone>
<phone id="Телефон и Контакты,contact">Контакты</phone>
<phone id="Телефон и Контакты,contact">Другие действия</phone>
<phone id="Телефон и Контакты,contact">Сообщения</phone>

<phone id="Настройки,settings">Сеть и интернет</phone>
<phone id="Настройки,settings">Bluetooth и устройства</phone>
<phone id="Настройки,settings">Экран и яркость</phone>
<phone id="Настройки,settings">Экран блокировки и обои</phone>
<phone id="Настройки,settings">Динамические эффекты</phone>
<phone id="Настройки,settings">Звук</phone>
<phone id="Настройки,settings">Приложения</phone>
<phone id="Настройки,settings">Батарея</phone>
<phone id="Настройки,settings">ОЗУ и память устройства</phone>
<phone id="Настройки,settings">Безопасность</phone>
<phone id="Настройки,settings">Конфиденциальность</phone>
<phone id="Настройки,settings">Геолокация</phone>
<phone id="Настройки,settings">Ультраигровой режим</phone>
<phone id="Настройки,settings">Ярлыки и специальные возможности</phone>
<phone id="Настройки,settings">Цифровое благополучие и родительский контроль</phone>
<phone id="Настройки,settings">Google</phone>
<phone id="Настройки,settings">Аккаунты</phone>
<phone id="Настройки,settings">Система</phone>
<phone id="Настройки,settings">О телефоне</phone>
<phone id="Настройки,settings" skip="usbdebug">Параметры разработчиков</phone>
<phone id="Настройки,settings">Обновление системы</phone>
<phone id="Настройки,settings" skip="appclone" check="appclone">Клон приложения</phone>
<phone id="Настройки,settings" check="multiuser">Пользователи</phone>
<phone id="Настройки,settings">Начальный экран Jovi</phone>
<phone id="Настройки,settings">Уведомление</phone>

<phone id="Поддержка и обслуживание,maintain">Об обслуживании</phone>
<phone id="Поддержка и обслуживание,maintain">Телефон и аксессуары</phone>
<phone id="Поддержка и обслуживание,maintain">Справка</phone>
<phone id="Поддержка и обслуживание,maintain">Поддержив. форматы файлов</phone>
<phone id="Поддержка и обслуживание,maintain" skip="usbhelp">Инструкции для подключения USB</phone>
</phones>