<!--  
这个为菜单列表，注意编辑的格式!例如：
<phone id="手机概览,overview">手机外观</phone>
1、手机概览：一级标题名称
2、overview：这个为assets下的各个模块文件夹的名称，记住这个值一定要与文件夹的名称对应，不然链接会出错
3、手机外观：二级标题名称
4、手机概览与overview之间的逗号为英文状态下的，请注意
5、各个模块文件夹的html文件一定要按照顺序来命名，即XXX_1到XXX_n来命名，中间不能有断续
-->
<phones>
<phone id="Tổng quan và hướng dẫn bắt đầu nhanh,overview">Giới thiệu về hình dáng bên ngoài của điện thoại</phone>
<phone id="Tổng quan và hướng dẫn bắt đầu nhanh,overview">Cài đặt và chuẩn bị</phone>
<phone id="Tổng quan và hướng dẫn bắt đầu nhanh,overview">Các biểu tượng và thông báo của thanh trạng thái</phone>
<phone id="Tổng quan và hướng dẫn bắt đầu nhanh,overview">Giới thiệu màn hình chính</phone>

<phone id="Ứng dụng trên màn hình chính,desktop">iManager</phone>
<phone id="Ứng dụng trên màn hình chính,desktop">Máy ảnh</phone>
<phone id="Ứng dụng trên màn hình chính,desktop">Album</phone>
<phone id="Ứng dụng trên màn hình chính,desktop">Máy tính</phone>
<phone id="Ứng dụng trên màn hình chính,desktop">Ghi âm</phone>
<phone id="Ứng dụng trên màn hình chính,desktop">Đồng hồ</phone>
<phone id="Ứng dụng trên màn hình chính,desktop">La bàn</phone>
<phone id="Ứng dụng trên màn hình chính,desktop">vivo.com</phone>
<phone id="Ứng dụng trên màn hình chính,desktop">Chủ đề</phone>
<phone id="Ứng dụng trên màn hình chính,desktop">Nhạc</phone>
<phone id="Ứng dụng trên màn hình chính,desktop">Thời tiết</phone>
<phone id="Ứng dụng trên màn hình chính,desktop">EasyShare</phone>
<phone id="Ứng dụng trên màn hình chính,desktop">Ghi chú</phone>
<phone id="Ứng dụng trên màn hình chính,desktop">Trình duyệt</phone>
<phone id="Ứng dụng trên màn hình chính,desktop">vivoCloud</phone>
<phone id="Ứng dụng trên màn hình chính,desktop">V-Appstore</phone>
<phone id="Ứng dụng trên màn hình chính,desktop">Trung tâm trò chơi</phone>
<phone id="Ứng dụng trên màn hình chính,desktop">Video</phone>
<phone id="Ứng dụng trên màn hình chính,desktop">Ứng dụng Google</phone>

<phone id="Điện thoại và danh bạ,contact">Cuộc gọi</phone>
<phone id="Điện thoại và danh bạ,contact">Cài đặt cuộc gọi</phone>
<phone id="Điện thoại và danh bạ,contact">Danh bạ</phone>
<phone id="Điện thoại và danh bạ,contact">Các thao tác khác</phone>
<phone id="Điện thoại và danh bạ,contact">Tin nhắn</phone>

<phone id="Cài đặt,settings">Mạng và Internet</phone>
<phone id="Cài đặt,settings">Bluetooth và thiết bị</phone>
<phone id="Cài đặt,settings">Hiển thị và độ sáng</phone>
<phone id="Cài đặt,settings">Màn hình khóa và hình nền</phone>
<phone id="Cài đặt,settings">Hiệu ứng động</phone>
<phone id="Cài đặt,settings">Âm thanh</phone>
<phone id="Cài đặt,settings">Ứng dụng</phone>
<phone id="Cài đặt,settings">Pin</phone>
<phone id="Cài đặt,settings">RAM và không gian lưu trữ</phone>
<phone id="Cài đặt,settings">Bảo mật</phone>
<phone id="Cài đặt,settings">Quyền riêng tư</phone>
<phone id="Cài đặt,settings">Vị trí</phone>
<phone id="Cài đặt,settings">Chế độ siêu trò chơi</phone>
<phone id="Cài đặt,settings">Lối tắt và trợ năng</phone>
<phone id="Cài đặt,settings">Digital Wellbeing và quyền kiểm soát của cha mẹ</phone>
<phone id="Cài đặt,settings">Google</phone>
<phone id="Cài đặt,settings">Tài khoản</phone>
<phone id="Cài đặt,settings">Hệ thống</phone>
<phone id="Cài đặt,settings">Giới thiệu về điện thoại</phone>
<phone id="Cài đặt,settings" skip="usbdebug">Tùy chọn nhà phát triển</phone>
<phone id="Cài đặt,settings">Cập nhật hệ thống</phone>
<phone id="Cài đặt,settings" skip="appclone" check="appclone">Nhân bản ứng dụng</phone>
<phone id="Cài đặt,settings" check="multiuser">Nhiều người dùng</phone>
<phone id="Cài đặt,settings">Jovi Home</phone>
<phone id="Cài đặt,settings">Thông báo</phone>

<phone id="Bảo trì thiết bị,maintain">Giới thiệu về bảo trì</phone>
<phone id="Bảo trì thiết bị,maintain">Điện thoại và phụ kiện</phone>
<phone id="Bảo trì thiết bị,maintain">Trợ giúp</phone>
<phone id="Bảo trì thiết bị,maintain">Các định dạng tệp được hỗ trợ</phone>
<phone id="Bảo trì thiết bị,maintain" skip="usbhelp">Giới thiệu về kết nối USB</phone>
</phones>