
<!--  
这个为菜单列表，注意编辑的格式!例如：
<phone id="手机概览,overview">手机外观</phone>
1、手机概览：一级标题名称
2、overview：这个为assets下的各个模块文件夹的名称，记住这个值一定要与文件夹的名称对应，不然链接会出错
3、手机外观：二级标题名称
4、手机概览与overview之间的逗号为英文状态下的，请注意
5、各个模块文件夹的html文件一定要按照顺序来命名，即XXX_1到XXX_n来命名，中间不能有断续
--><phones>
<phone id="Overzicht – Snel aan de slag,overview">Inleiding tot de buitenkant van de telefoon</phone>
<phone id="Overzicht – Snel aan de slag,overview">Installatie en klaarmaken voor gebruik</phone>
<phone id="Overzicht – Snel aan de slag,overview">Pictogrammen en meldingen op de statusbalk</phone>
<phone id="Overzicht – Snel aan de slag,overview">Over het startscherm</phone>

<phone id="Startscherm-apps,desktop">iManager</phone>
<phone id="Startscherm-apps,desktop">Camera</phone>
<phone id="Startscherm-apps,desktop">Albums</phone>
<phone id="Startscherm-apps,desktop">Rekenmachine</phone>
<phone id="Startscherm-apps,desktop">Recorder</phone>
<phone id="Startscherm-apps,desktop">Klok</phone>
<phone id="Startscherm-apps,desktop">Kompas</phone>
<phone id="Startscherm-apps,desktop">vivo.com</phone>
<phone id="Startscherm-apps,desktop">Thema’s</phone>
<phone id="Startscherm-apps,desktop">Muziek</phone>
<phone id="Startscherm-apps,desktop">Meteo</phone>
<phone id="Startscherm-apps,desktop">EasyShare</phone>
<phone id="Startscherm-apps,desktop">Notities</phone>
<phone id="Startscherm-apps,desktop">Browser</phone>
<phone id="Startscherm-apps,desktop">vivo Cloud</phone>
<phone id="Startscherm-apps,desktop">V-Appstore</phone>
<phone id="Startscherm-apps,desktop">Spelcentrum</phone>
<phone id="Startscherm-apps,desktop">Video</phone>
<phone id="Startscherm-apps,desktop">Google apps</phone>

<phone id="Telefoon en contacten,contact">Oproepen</phone>
<phone id="Telefoon en contacten,contact">Instellingen voor bellen</phone>
<phone id="Telefoon en contacten,contact">Contact</phone>
<phone id="Telefoon en contacten,contact">Meer bewerkingen</phone>
<phone id="Telefoon en contacten,contact">Berichten</phone>

<phone id="Instellingen,settings">Netwerk en internet</phone>
<phone id="Instellingen,settings">Bluetooth en apparaten</phone>
<phone id="Instellingen,settings">Scherm en helderheid</phone>
<phone id="Instellingen,settings">Vergrendelscherm en achtergrond</phone>
<phone id="Instellingen,settings">Dynamische effecten</phone>
<phone id="Instellingen,settings">Geluid</phone>
<phone id="Instellingen,settings">Apps</phone>
<phone id="Instellingen,settings">Accu</phone>
<phone id="Instellingen,settings">RAM en opslagruimte</phone>
<phone id="Instellingen,settings">Beveiliging</phone>
<phone id="Instellingen,settings">Privacy</phone>
<phone id="Instellingen,settings">Locatie</phone>
<phone id="Instellingen,settings">Ultra-spelmodus</phone>
<phone id="Instellingen,settings">Snelkoppelingen en toegankelijkheid</phone>
<phone id="Instellingen,settings">Digitaal welzijn en ouderlijk toezicht</phone>
<phone id="Instellingen,settings">Google</phone>
<phone id="Instellingen,settings">Accounts</phone>
<phone id="Instellingen,settings">Systeem</phone>
<phone id="Instellingen,settings">Over de telefoon</phone>
<phone id="Instellingen,settings" skip="usbdebug">Ontwikkelaarsopties</phone>
<phone id="Instellingen,settings">Systeemupdate</phone>
<phone id="Instellingen,settings" skip="appclone" check="appclone">App klonen</phone>
<phone id="Instellingen,settings" check="multiuser">Meerdere gebruikers</phone>
<phone id="Instellingen,settings">Jovi Home</phone>
<phone id="Instellingen,settings">Melding</phone>

<phone id="Onderhoud van uw apparaat,maintain">Over onderhoud</phone>
<phone id="Onderhoud van uw apparaat,maintain">Telefoon en accessoires</phone>
<phone id="Onderhoud van uw apparaat,maintain">Help</phone>
<phone id="Onderhoud van uw apparaat,maintain">Ondersteunde bestandsindelingen</phone>
<phone id="Onderhoud van uw apparaat,maintain" skip="usbhelp">Instructies voor verbinden met usb</phone>
</phones>